City_ID,City,Country,Lat,Lng,Max Temp,Humidity,Cloudiness,Wind Speed,Current Description
0,Jamestown,US,42.097,-79.2353,76.17,59,1,1.99,clear sky
1,Ushuaia,AR,-54.8,-68.3,38.82,70,40,0.0,scattered clouds
2,Swan River,CA,52.1058,-101.2676,83.71,29,23,19.42,few clouds
3,Bethel,US,41.3712,-73.414,88.02,74,75,4.0,broken clouds
4,Nanortalik,GL,60.1432,-45.2371,50.25,90,100,8.28,overcast clouds
5,Bambous Virieux,MU,-20.3428,57.7575,72.21,76,19,15.97,few clouds
6,Hobart,AU,-42.8794,147.3294,55.26,61,75,4.0,broken clouds
7,Marienburg,PL,54.0359,19.0266,79.84,38,71,8.84,broken clouds
8,Rikitea,PF,-23.1203,-134.9692,74.05,82,97,17.02,light rain
9,Khatanga,RU,71.9667,102.5,52.3,66,100,4.03,overcast clouds
10,Iqaluit,CA,63.7506,-68.5145,43.75,83,100,17.6,overcast clouds
11,Airai,TL,-8.9266,125.4092,55.18,72,5,3.4,clear sky
12,Busselton,AU,-33.65,115.3333,47.08,86,0,8.08,clear sky
13,Albany,US,42.6001,-73.9662,81.48,66,79,4.0,broken clouds
14,Nouakchott,MR,18.0858,-15.9785,91.33,76,18,14.52,few clouds
15,Lashio,MM,22.9333,97.75,68.56,100,100,1.45,overcast clouds
16,Hasaki,JP,35.7333,140.8333,70.2,95,100,6.58,overcast clouds
17,Barrow,US,71.2906,-156.7887,44.62,87,90,21.85,light rain
18,Broome,US,42.2506,-75.833,72.64,80,90,1.99,overcast clouds
19,Kodiak,US,57.79,-152.4072,51.31,58,75,9.22,broken clouds
20,Tessalit,ML,20.1986,1.0114,108.52,6,7,14.29,clear sky
21,Vestmannaeyjar,IS,63.4427,-20.2734,57.72,71,26,24.85,scattered clouds
22,Port Elizabeth,ZA,-33.918,25.5701,59.09,70,74,14.72,broken clouds
23,Avarua,CK,-21.2078,-159.775,69.85,78,40,9.22,scattered clouds
24,Mataura,NZ,-46.1927,168.8643,45.48,81,99,6.38,overcast clouds
25,Parbhani,IN,19.2667,76.7833,81.21,62,79,6.13,broken clouds
26,Paita,PE,-5.0892,-81.1144,71.26,69,65,8.99,broken clouds
27,Laguna,US,38.421,-121.4238,91.24,62,1,5.75,haze
28,Yellowknife,CA,62.456,-114.3525,58.6,86,64,4.12,light rain
29,Hamilton,US,39.1834,-84.5333,81.88,64,1,1.99,clear sky
30,Bluff,NZ,-46.6,168.3333,45.81,77,96,26.35,overcast clouds
31,Cherskiy,RU,68.75,161.3,43.18,75,74,8.14,broken clouds
32,Komsomolskiy,UZ,40.4272,71.7189,79.52,27,21,0.0,few clouds
33,Tuktoyaktuk,CA,69.4541,-133.0374,42.82,73,97,14.14,overcast clouds
34,Bredasdorp,ZA,-34.5322,20.0403,56.28,76,0,14.05,clear sky
35,Alofi,NU,-19.0595,-169.9187,72.45,66,38,14.2,light rain
36,Ponta Do Sol,PT,32.6667,-17.1,83.71,71,83,1.21,broken clouds
37,Tara,RU,56.8944,74.371,55.76,92,96,5.82,overcast clouds
38,New Norfolk,AU,-42.7826,147.0587,54.91,67,77,4.0,broken clouds
39,Harper,LR,4.375,-7.7169,79.92,60,80,7.18,broken clouds
40,North Bend,US,43.4065,-124.2243,64.17,88,90,4.61,overcast clouds
41,Vaini,TO,-21.2,-175.2,66.36,77,20,8.05,few clouds
42,Qianan,CN,44.9932,124.0581,65.88,89,100,2.28,overcast clouds
43,De-Kastri,RU,51.4667,140.7833,56.34,95,28,7.4,scattered clouds
44,Upernavik,GL,72.7868,-56.1549,46.11,94,100,8.84,overcast clouds
45,Tiksi,RU,71.6872,128.8694,40.05,85,90,6.17,overcast clouds
46,Hermanus,ZA,-34.4187,19.2345,56.8,72,0,15.26,clear sky
47,Port Alfred,ZA,-33.5906,26.891,59.77,68,77,17.31,broken clouds
48,Redmond,US,47.674,-122.1215,74.53,75,5,3.0,clear sky
49,Lebu,CL,-37.6167,-73.65,51.75,72,98,4.61,overcast clouds
50,Punta Arenas,CL,-53.15,-70.9167,39.31,87,90,5.75,overcast clouds
51,Mahajanga,MG,-15.7167,46.3167,77.18,64,1,7.27,clear sky
52,Carnarvon,AU,-24.8667,113.6333,59.07,42,0,11.5,clear sky
53,Dikson,RU,73.5069,80.5464,46.04,100,100,3.74,overcast clouds
54,Kamenka,RU,51.3223,42.7678,63.45,90,100,11.99,overcast clouds
55,Ca Mau,VN,9.1769,105.15,80.44,81,100,2.86,overcast clouds
56,Hofn,IS,64.2539,-15.2082,53.94,91,100,8.72,overcast clouds
57,Ostrovnoy,RU,68.0531,39.5131,50.05,82,84,13.2,broken clouds
58,Fangshan,CN,39.6983,115.9925,71.46,93,79,3.62,moderate rain
59,Puerto Escondido,MX,15.85,-97.0667,90.43,62,20,0.0,few clouds
60,Butaritari,KI,3.0707,172.7902,82.44,74,64,8.9,broken clouds
61,Talnakh,RU,69.4865,88.3972,53.6,85,100,6.58,overcast clouds
62,Tuatapere,NZ,-46.1333,167.6833,45.82,88,87,6.49,overcast clouds
63,Bengkulu,ID,-3.8004,102.2655,76.53,91,96,4.79,overcast clouds
64,Labuhan,ID,-6.8844,112.2051,78.66,80,63,7.94,broken clouds
65,Tazovskiy,RU,67.4667,78.7,57.31,88,100,10.02,overcast clouds
66,Galesong,ID,-5.3166,119.3661,77.02,74,15,6.33,few clouds
67,Yumen,CN,40.2833,97.2,81.9,19,1,22.01,clear sky
68,Bilma,NE,18.6853,12.9164,104.72,12,25,5.86,scattered clouds
69,Lamu,KE,-2.2717,40.902,75.42,85,19,16.96,few clouds
70,Tiarei,PF,-17.5333,-149.3333,73.42,77,48,9.35,light rain
71,Pulivendla,IN,14.4167,78.2333,82.8,60,100,18.7,overcast clouds
72,Georgetown,MY,5.4112,100.3354,82.33,87,20,0.0,few clouds
73,Nikolskoye,RU,59.7035,30.7861,69.69,86,92,7.78,overcast clouds
74,Saskylakh,RU,71.9167,114.0833,52.0,63,100,4.9,overcast clouds
75,North Platte,US,41.1239,-100.7654,77.32,77,75,1.99,broken clouds
76,Labrea,BR,-7.2586,-64.7981,96.33,25,88,2.75,overcast clouds
77,San Policarpo,PH,12.1791,125.5072,79.48,81,100,6.53,overcast clouds
78,La Rioja,ES,42.25,-2.5,96.58,10,54,12.86,broken clouds
79,Thinadhoo,MV,0.5333,72.9333,83.08,71,46,16.98,scattered clouds
80,Manturovo,RU,58.3353,44.7619,67.28,58,60,3.31,broken clouds
81,Baragua,CU,21.6967,-78.6328,80.98,78,97,1.97,moderate rain
82,Kapaa,US,22.0752,-159.319,79.12,85,40,14.97,light rain
83,Provideniya,RU,64.3833,-173.3,47.68,98,100,5.66,overcast clouds
84,Krasnoselkup,RU,65.7,82.4667,61.07,74,100,8.12,overcast clouds
85,Byron Bay,AU,-28.65,153.6167,60.87,91,39,6.55,scattered clouds
86,Kruisfontein,ZA,-34.0033,24.7314,56.88,77,84,8.63,broken clouds
87,Ende,ID,-8.8432,121.6623,75.42,71,10,2.24,clear sky
88,Mar Del Plata,AR,-38.0023,-57.5575,48.22,100,40,12.66,scattered clouds
89,Qaanaaq,GL,77.484,-69.3632,40.78,99,100,6.4,light rain
90,Tochtepec,MX,18.8333,-97.8167,72.88,49,93,5.19,overcast clouds
91,Saint-Philippe,RE,-21.3585,55.7679,72.95,85,57,18.01,light rain
92,Saint George,US,37.1041,-113.5841,91.8,36,1,1.99,clear sky
93,Wahiawa,US,21.5028,-158.0236,73.72,84,40,4.61,light rain
94,Lokosovo,RU,61.1333,74.8167,61.77,81,10,6.78,clear sky
95,Muros,ES,42.7762,-9.0603,82.83,50,1,15.82,clear sky
96,Hilo,US,19.7297,-155.09,71.8,92,98,1.99,light rain
97,Laela,TZ,-8.5667,32.05,70.88,32,6,3.62,clear sky
98,Severo-Kurilsk,RU,50.6789,156.125,52.43,87,10,8.43,clear sky
99,Dingle,PH,10.9995,122.6711,76.44,88,47,3.04,scattered clouds
100,Bilibino,RU,68.0546,166.4372,44.53,76,100,6.08,overcast clouds
101,Husavik,IS,66.0449,-17.3389,50.77,92,100,10.16,overcast clouds
102,Coihaique,CL,-45.5752,-72.0662,48.81,57,0,0.0,clear sky
103,Rexburg,US,43.826,-111.7897,79.86,46,1,3.44,clear sky
104,Vuktyl,RU,63.8567,57.3094,58.75,78,98,18.23,overcast clouds
105,Coahuayana,MX,18.7333,-103.6833,83.68,67,52,2.3,broken clouds
106,Kita,ML,13.0349,-9.4895,83.91,67,99,1.81,light rain
107,Atuona,PF,-9.8,-139.0333,77.7,79,31,16.28,scattered clouds
108,Tarko-Sale,RU,64.9225,77.785,61.97,82,91,12.5,overcast clouds
109,Sao Gabriel Da Cachoeira,BR,-0.1303,-67.0892,76.69,86,100,0.94,overcast clouds
110,Marsh Harbour,BS,26.5412,-77.0636,84.31,70,72,16.53,broken clouds
111,Vradiyivka,UA,47.862,30.5919,77.92,41,0,6.62,clear sky
112,Poum,NC,-20.2333,164.0167,68.83,66,47,16.11,scattered clouds
113,Roald,NO,62.5833,6.1333,59.14,77,75,6.91,moderate rain
114,Sisimiut,GL,66.9395,-53.6735,48.83,93,78,13.02,moderate rain
115,Aykhal,RU,66.0,111.5,47.23,94,100,8.39,overcast clouds
116,Russellville,US,35.2784,-93.1338,81.14,69,1,0.0,clear sky
117,Klaksvik,FO,62.2266,-6.589,50.92,94,100,13.82,overcast clouds
118,Coquimbo,CL,-29.9533,-71.3436,56.93,67,20,9.22,few clouds
119,Lorengau,PG,-2.0226,147.2712,80.8,83,39,9.48,scattered clouds
120,Cape Town,ZA,-33.9258,18.4232,54.88,72,0,1.99,clear sky
121,Luderitz,NA,-26.6481,15.1594,65.26,40,0,21.07,clear sky
122,Xingyi,CN,24.1877,102.817,62.69,99,100,2.1,overcast clouds
123,Pevek,RU,69.7008,170.3133,36.95,96,100,22.84,light rain
124,Hithadhoo,MV,-0.6,73.0833,82.02,75,67,15.08,broken clouds
125,Isangel,VU,-19.55,169.2667,66.78,78,57,14.2,broken clouds
126,Kiunga,PG,-6.1219,141.2906,73.51,100,100,2.04,moderate rain
127,Tasiilaq,GL,65.6145,-37.6368,50.16,83,29,1.88,scattered clouds
128,Torbay,CA,47.6666,-52.7314,78.76,86,100,3.0,light rain
129,Virginia Beach,US,36.8529,-75.978,92.01,67,20,6.91,few clouds
130,Kudahuvadhoo,MV,2.6708,72.8944,82.83,75,50,17.78,scattered clouds
131,Whitehorse,CA,60.7161,-135.0538,52.11,80,100,4.81,overcast clouds
132,Hearst,CA,49.6835,-83.6665,65.34,37,42,8.86,scattered clouds
133,Bollnas,SE,61.3482,16.3946,62.13,78,66,8.57,broken clouds
134,Domoni,KM,-12.2569,44.5319,76.68,80,11,8.01,few clouds
135,Evensk,RU,61.95,159.2333,49.51,99,100,6.31,overcast clouds
136,Kurumkan,RU,54.3,110.3,62.51,63,11,1.99,few clouds
137,Arraial Do Cabo,BR,-22.9661,-42.0278,66.06,88,90,9.22,overcast clouds
138,Camacha,PT,33.0833,-16.3333,74.16,73,20,14.97,few clouds
139,Mount Isa,AU,-20.7333,139.5,71.37,30,0,9.22,clear sky
140,Madang,PG,-5.2246,145.7966,77.05,90,46,3.29,scattered clouds
141,Rocha,UY,-34.4833,-54.3333,55.09,88,100,6.13,overcast clouds
142,Stephenville,US,32.2207,-98.2023,89.17,57,75,0.0,broken clouds
143,Rawson,AR,-43.3002,-65.1023,55.02,57,44,12.28,scattered clouds
144,Maniitsoq,GL,65.4167,-52.9,46.38,98,100,23.8,moderate rain
145,Saint Anthony,US,45.0205,-93.218,81.01,40,1,4.0,clear sky
146,Souillac,MU,-20.5167,57.5167,72.36,77,45,14.16,scattered clouds
147,Ossora,RU,59.2353,163.0719,54.3,85,24,3.6,few clouds
148,Caravelas,BR,-17.7125,-39.2481,78.01,54,10,8.08,clear sky
149,Hovd,MN,48.0056,91.6419,70.23,34,100,2.75,overcast clouds
150,Ancud,CL,-41.8697,-73.8203,47.43,73,100,4.18,overcast clouds
151,Presidente Epitacio,BR,-21.7633,-52.1156,83.86,33,2,5.75,clear sky
152,Tres Lagoas,BR,-20.7511,-51.6783,87.31,27,0,5.84,clear sky
153,Seoul,KR,37.5683,126.9778,74.71,71,0,3.58,clear sky
154,Sorland,NO,67.667,12.6934,51.87,75,12,23.15,few clouds
155,Jose Bonifacio,BR,-21.0528,-49.6883,91.76,20,7,1.3,clear sky
156,Aklavik,CA,68.2191,-135.0107,43.97,86,32,13.22,scattered clouds
157,Samarai,PG,-10.6167,150.6667,77.77,86,75,18.05,broken clouds
158,Ust-Kuyga,RU,70.0167,135.6,37.29,89,41,1.28,scattered clouds
159,Inirida,CO,3.8653,-67.9239,83.61,69,100,1.95,light rain
160,Shelburne,CA,44.0787,-80.2041,70.66,43,0,12.28,clear sky
161,Vilhena,BR,-12.7406,-60.1458,94.14,19,53,2.13,broken clouds
162,Certesti,RO,46.0167,27.6167,82.09,28,0,8.99,clear sky
163,Swinoujscie,PL,53.9105,14.2471,80.91,50,0,11.5,clear sky
164,Sarab,IR,38.6066,44.9883,82.99,29,74,14.23,broken clouds
165,Taoudenni,ML,22.6783,-3.9836,114.82,6,26,12.46,scattered clouds
166,Gizo,SB,-8.103,156.8419,81.82,81,100,12.77,overcast clouds
167,Pisco,PE,-13.7,-76.2167,62.65,88,90,4.61,mist
168,Victoria,HK,22.2855,114.1577,82.45,90,100,1.01,overcast clouds
169,Terra Santa,BR,-2.1042,-56.4869,86.16,60,100,3.13,overcast clouds
170,Erzin,TR,36.9559,36.2,90.12,62,0,7.9,clear sky
171,Marigot,MF,18.0667,-63.0833,87.58,72,40,13.8,scattered clouds
172,Mitsamiouli,KM,-11.3847,43.2844,77.9,77,2,15.35,clear sky
173,Buala,SB,-8.145,159.5921,79.79,85,95,9.84,overcast clouds
174,Ewa Beach,US,21.3156,-158.0072,76.95,77,20,5.75,few clouds
175,Rock Springs,US,41.5875,-109.2029,78.24,35,1,1.01,clear sky
176,Puerto Ayora,EC,-0.7393,-90.3518,71.49,74,93,7.11,overcast clouds
177,Batemans Bay,AU,-35.7167,150.1833,46.9,83,0,5.12,clear sky
178,Vardo,NO,70.3705,31.1107,50.23,84,81,2.95,broken clouds
179,Heihe,CN,50.2441,127.4902,59.94,81,0,3.31,clear sky
180,Cabo Rojo,PR,18.0866,-67.1457,92.37,71,66,12.37,broken clouds
181,Kaitangata,NZ,-46.2817,169.8464,46.38,74,96,13.67,overcast clouds
182,Qui Nhon,VN,13.7667,109.2333,82.29,72,100,5.17,overcast clouds
183,Wajima,JP,37.4,136.9,72.16,87,100,9.48,light rain
184,Bobrovka,RU,54.047,61.7455,70.25,34,6,5.44,clear sky
185,Leningradskiy,RU,69.3833,178.4167,40.8,86,100,22.08,overcast clouds
186,Shimoda,JP,34.6667,138.95,79.45,93,100,20.31,overcast clouds
187,Port Hardy,CA,50.6996,-127.4199,61.92,75,53,4.21,broken clouds
188,Waipawa,NZ,-41.4122,175.5153,38.03,85,13,5.28,few clouds
189,Aonla,IN,28.2833,79.15,88.79,56,67,3.78,broken clouds
190,Mwinilunga,ZM,-11.7358,24.4293,78.6,18,0,6.58,clear sky
191,Saint-Claude,FR,46.5,5.8333,84.36,62,0,4.59,clear sky
192,Uyuni,BO,-20.4597,-66.825,47.89,21,24,13.47,few clouds
193,Kavaratti,IN,10.5669,72.642,81.36,77,93,18.72,overcast clouds
194,Labuan,MY,5.2767,115.2417,77.16,79,100,5.91,light rain
195,Chuy,UY,-33.6971,-53.4616,56.97,92,100,6.58,overcast clouds
196,Inhambane,MZ,-23.865,35.3833,66.09,66,100,14.72,overcast clouds
197,Bowen,AU,-20.0167,148.2333,65.23,90,62,12.1,broken clouds
198,Naze,JP,28.3667,129.4833,78.31,88,100,14.54,overcast clouds
199,Geraldton,AU,-28.7667,114.6,48.61,93,0,8.05,clear sky
200,Cabo San Lucas,MX,22.8909,-109.9124,88.52,65,1,0.0,clear sky
201,Havre-Saint-Pierre,CA,50.2334,-63.5986,69.28,81,67,9.64,broken clouds
202,Pafos,CY,34.7667,32.4167,90.23,55,20,13.8,few clouds
203,Colares,PT,38.7992,-9.4469,92.39,45,20,13.8,few clouds
204,Karratha,AU,-20.7377,116.8463,70.39,40,47,7.67,scattered clouds
205,Baltasi,RU,56.3462,50.2062,63.82,79,100,3.8,light rain
206,La Ronge,CA,55.1001,-105.2842,74.48,43,46,5.97,scattered clouds
207,Paraguacu,BR,-21.5472,-45.7375,81.12,33,29,6.8,scattered clouds
208,Santa Isabel Do Rio Negro,BR,-0.4139,-65.0192,78.91,73,100,4.72,overcast clouds
209,Wilmington,US,34.2257,-77.9447,90.99,69,1,0.0,clear sky
210,Veracruz,MX,19.3333,-96.6667,79.86,63,12,3.2,few clouds
211,Sitka,US,57.0531,-135.33,55.29,88,40,4.61,scattered clouds
212,Natal,BR,-5.795,-35.2094,88.45,42,20,11.5,few clouds
213,Ketchikan,US,55.3422,-131.6461,59.47,94,90,3.44,light rain
214,Umm Kaddadah,SD,13.6017,26.6876,81.99,58,100,22.39,overcast clouds
215,Helong,CN,42.5397,128.9972,55.33,98,16,3.24,few clouds
216,Ocos,GT,14.5094,-92.1933,90.73,79,75,1.61,broken clouds
217,Roros,NO,62.5747,11.3842,48.04,87,90,5.75,light rain
218,Lluta,PE,-16.0147,-72.0142,59.99,28,11,10.33,few clouds
219,Te Anau,NZ,-45.4167,167.7167,42.06,98,100,6.33,overcast clouds
220,Chokurdakh,RU,70.6333,147.9167,41.29,74,100,13.02,overcast clouds
221,Turukhansk,RU,65.8167,87.9833,51.26,86,46,0.81,scattered clouds
222,Varhaug,NO,58.6147,5.6457,62.15,78,53,17.4,broken clouds
223,Codrington,AU,-38.2667,141.9667,46.67,90,7,13.4,clear sky
224,Kutum,SD,14.2,24.6667,81.19,52,87,6.31,overcast clouds
225,Lakatoro,VU,-16.0999,167.4164,73.63,81,82,17.6,broken clouds
226,Iguape,BR,-24.7081,-47.5553,65.71,89,95,3.15,overcast clouds
227,San Cristobal,VE,7.7669,-72.225,78.98,92,100,4.0,overcast clouds
228,Saint-Augustin,CA,51.226,-58.6502,73.65,73,63,10.54,broken clouds
229,Mae Hong Son,TH,19.3003,97.9685,74.68,98,100,2.01,overcast clouds
230,Borzya,RU,50.3833,116.5167,57.06,86,7,5.75,clear sky
231,Namtsy,RU,62.7161,129.6658,62.71,69,43,1.63,scattered clouds
232,Ambon,ID,-3.6954,128.1814,78.33,85,57,11.03,broken clouds
233,Thompson,CA,55.7435,-97.8558,71.19,47,100,7.63,overcast clouds
234,Maneadero,MX,31.7167,-116.5667,81.19,80,3,1.99,clear sky
235,Oksbol,DK,55.6268,8.2876,65.01,74,17,22.86,few clouds
236,Caranavi,BO,-15.8167,-67.55,76.39,42,41,3.94,scattered clouds
237,Ochamchira,GE,42.7121,41.4721,72.61,87,99,4.99,overcast clouds
238,Mattawa,US,46.7379,-119.9028,78.1,27,1,7.16,clear sky
239,Ribeira Grande,PT,38.5167,-28.7,79.2,73,20,3.44,few clouds
240,Narsaq,GL,60.9167,-46.05,52.02,76,100,2.13,overcast clouds
241,Diamantino,BR,-14.4086,-56.4461,93.18,23,20,5.99,few clouds
242,Faanui,PF,-16.4833,-151.75,77.99,74,5,5.79,clear sky
243,Nobres,BR,-14.7203,-56.3275,93.34,23,13,4.63,few clouds
244,Castro,BR,-24.7911,-50.0119,59.99,78,90,6.4,moderate rain
245,Tairua,NZ,-37.0167,175.85,49.08,72,5,9.8,clear sky
246,Lompoc,US,34.6391,-120.4579,62.91,97,90,0.0,mist
247,Bambanglipuro,ID,-7.95,110.2833,76.3,87,65,5.61,broken clouds
248,Faya,SA,18.3851,42.4509,81.12,27,65,12.17,broken clouds
249,Carutapera,BR,-1.195,-46.02,85.75,61,21,9.24,few clouds
250,Vanimo,PG,-2.6741,141.3028,78.39,89,93,6.69,overcast clouds
251,Wanning,CN,18.8003,110.3967,82.09,88,100,9.17,overcast clouds
252,Paarl,ZA,-33.7338,18.9752,53.78,64,0,5.17,clear sky
253,Moron,AR,-34.6534,-58.6198,63.0,76,0,2.33,clear sky
254,Plonsk,PL,52.6235,20.3755,80.01,46,36,10.54,scattered clouds
255,Yangliuqing,CN,39.1375,116.9997,75.15,79,19,6.04,light rain
256,Ugento,IT,39.9263,18.1574,90.46,57,0,3.67,clear sky
257,Clyde River,CA,70.4692,-68.5914,41.23,93,90,6.91,mist
258,Arroio Grande,BR,-32.2375,-53.0869,61.97,76,100,4.12,overcast clouds
259,Rio Grande,BR,-32.035,-52.0986,62.94,87,98,11.25,overcast clouds
260,Umtata,ZA,-31.5889,28.7844,49.24,78,100,6.22,overcast clouds
261,Vesyegonsk,RU,58.664,37.2604,68.0,63,100,6.78,overcast clouds
262,Esperance,AU,-33.8667,121.9,49.84,79,33,8.3,scattered clouds
263,Linxi,CN,39.7,118.4333,67.41,85,24,0.6,few clouds
264,Saldanha,ZA,-33.0117,17.9442,56.21,69,0,13.73,clear sky
265,Hanyang,CN,32.1371,105.5126,68.32,90,40,1.7,scattered clouds
266,Jacareacanga,BR,-6.2222,-57.7528,93.81,44,100,2.15,overcast clouds
267,Burnie,AU,-41.0667,145.9167,52.48,84,87,17.58,moderate rain
268,Matara,LK,5.9485,80.5353,78.85,84,93,12.8,overcast clouds
269,College,US,64.8569,-147.8028,49.98,90,90,4.61,overcast clouds
270,Merauke,ID,-8.4667,140.3333,77.16,87,90,15.12,overcast clouds
271,Margate,GB,51.3813,1.3862,76.1,56,52,7.58,broken clouds
272,Slave Lake,CA,55.2834,-114.769,78.78,38,1,14.97,clear sky
273,Kurchum,KZ,48.5722,83.6542,63.1,63,100,9.13,light rain
274,Omsukchan,RU,62.5333,155.8,54.7,87,88,8.59,overcast clouds
275,Zhaoqing,CN,23.0512,112.4597,78.15,94,100,2.3,overcast clouds
276,San Patricio,US,28.017,-97.5169,92.01,55,29,4.38,scattered clouds
277,Kolarovo,SK,47.9229,17.9847,89.85,31,16,8.79,few clouds
278,Lac Du Bonnet,CA,50.2536,-96.0612,76.64,30,53,9.35,broken clouds
279,Willowmore,ZA,-33.2926,23.4895,51.67,57,71,7.36,broken clouds
280,Garden City,US,42.3256,-83.331,76.14,41,20,1.99,few clouds
281,Banjar,ID,-8.19,114.9675,78.66,90,9,4.25,clear sky
282,Miraflores,MX,19.2167,-98.8083,68.76,79,93,3.4,overcast clouds
283,Yagodnoye,RU,62.55,149.6667,58.68,64,64,4.81,broken clouds
284,Sabang,ID,5.8933,95.3214,81.16,77,100,25.14,light rain
285,Dumaguil,PH,6.62,124.6533,74.57,92,58,0.34,broken clouds
286,Jiangyou,CN,31.7667,104.7167,72.46,91,86,1.5,overcast clouds
287,Elliot Lake,CA,46.3834,-82.6331,64.98,40,1,8.68,clear sky
288,Nouadhibou,MR,20.931,-17.0347,73.99,86,0,1.83,clear sky
289,Boguchany,RU,58.3814,97.4531,60.62,99,100,4.74,moderate rain
290,Okhotsk,RU,59.3833,143.3,55.38,94,5,3.2,clear sky
291,Itacare,BR,-14.2775,-38.9967,76.23,67,22,9.84,few clouds
292,Touros,BR,-5.1989,-35.4608,88.7,51,37,19.93,scattered clouds
293,Prince Rupert,CA,54.3161,-130.3201,57.87,95,100,1.99,overcast clouds
294,Akdepe,TM,42.0551,59.3788,78.8,28,0,15.37,clear sky
295,Ilulissat,GL,69.2167,-51.1,48.22,93,75,1.14,broken clouds
296,Lavrentiya,RU,65.5833,-171.0,45.23,97,100,6.22,overcast clouds
297,Bonthe,SL,7.5264,-12.505,78.91,74,100,11.92,overcast clouds
298,East London,ZA,-33.0153,27.9116,60.26,66,99,13.94,overcast clouds
299,Porto Empedocle,IT,37.2934,13.5264,97.3,55,9,7.76,clear sky
300,Antequera,ES,37.0194,-4.5612,111.96,11,11,9.86,few clouds
301,Morondava,MG,-20.2833,44.2833,75.6,72,0,16.82,clear sky
302,Marathon,US,44.9,-89.7668,73.87,66,1,0.0,clear sky
303,Saint-Georges,GD,12.0564,-61.7485,87.48,74,75,17.27,broken clouds
304,Berlevag,NO,70.8578,29.0864,51.1,81,66,11.92,broken clouds
305,Suez,EG,29.9737,32.5263,92.35,28,0,20.87,clear sky
306,Matagami,CA,49.7502,-77.6328,55.51,88,90,6.91,overcast clouds
307,Port Lincoln,AU,-34.7333,135.8667,51.98,64,0,6.73,clear sky
308,Iquitos,PE,-3.7481,-73.2472,89.6,51,100,1.5,overcast clouds
309,Norman Wells,CA,65.282,-126.8329,51.84,93,75,9.22,light rain
310,Rudnichnyy,RU,59.617,52.4703,61.97,71,100,5.97,overcast clouds
311,Kaoma,ZM,-14.7833,24.8,77.77,19,1,7.2,clear sky
312,Dorokhovo,RU,55.5506,36.3744,71.33,65,90,2.86,overcast clouds
313,Abha,SA,18.2164,42.5053,80.85,16,20,17.27,few clouds
314,Olafsvik,IS,64.8945,-23.7142,54.73,79,69,12.55,broken clouds
315,Grand-Bourg,GP,15.8835,-61.3148,87.75,76,85,10.58,overcast clouds
316,Coos Bay,US,43.3665,-124.2179,64.24,88,90,4.61,overcast clouds
317,San Diego De La Union,MX,21.4667,-100.8667,69.1,60,89,8.28,overcast clouds
318,Russell,US,32.3502,-85.1999,90.79,58,1,4.61,clear sky
319,Shebalino,RU,51.2917,85.6772,51.73,100,100,3.15,moderate rain
320,Kralendijk,BQ,12.15,-68.2667,82.38,94,75,8.05,broken clouds
321,Kenora,CA,49.8167,-94.4337,73.58,35,43,10.38,scattered clouds
322,Fowa,NG,8.9167,6.4,82.17,77,79,3.67,light rain
323,Liverpool,GB,53.4106,-2.9779,65.98,80,90,2.3,overcast clouds
324,Hambantota,LK,6.1241,81.1185,80.15,75,90,19.55,overcast clouds
325,Filadelfia,US,39.9523,-75.1638,92.07,59,75,1.01,broken clouds
326,Guerrero Negro,MX,27.9769,-114.0611,78.33,66,27,12.12,scattered clouds
327,Constitucion,CL,-35.3333,-72.4167,55.06,63,99,3.91,overcast clouds
328,Kazachinskoye,RU,57.6953,93.2761,58.03,91,100,5.84,overcast clouds
329,Flinders,AU,-34.5833,150.8552,53.8,83,1,1.01,clear sky
330,Tavda,RU,58.0425,65.2726,66.94,59,3,6.29,clear sky
331,Nanning,CN,22.8167,108.3167,79.38,90,99,12.88,overcast clouds
332,Anchorage,US,61.2181,-149.9003,53.98,89,90,0.0,overcast clouds
333,Kalmunai,LK,7.4167,81.8167,81.66,80,93,5.14,overcast clouds
334,Nanakuli,US,21.3906,-158.1547,76.95,76,20,5.75,few clouds
335,Lagoa,PT,39.05,-27.9833,73.94,80,39,3.94,scattered clouds
336,Sao Francisco Do Sul,BR,-26.2433,-48.6381,67.1,91,97,1.32,moderate rain
337,Zhigansk,RU,66.7697,123.3711,49.37,68,100,12.28,overcast clouds
338,Louis Trichardt,ZA,-23.0439,29.9032,51.84,81,97,10.38,overcast clouds
339,Shenjiamen,CN,29.9576,122.298,77.07,91,100,5.48,light rain
340,Half Moon Bay,US,37.4636,-122.4286,75.47,85,75,0.0,broken clouds
341,Jumla,NP,29.2747,82.1838,62.01,91,75,2.59,broken clouds
342,San Martin,AR,-33.081,-68.4681,60.39,22,3,6.46,clear sky
343,Los Llanos De Aridane,ES,28.6585,-17.9182,74.95,69,20,18.41,few clouds
344,Kavieng,PG,-2.5744,150.7967,83.23,75,48,16.51,scattered clouds
345,Plettenberg Bay,ZA,-34.0527,23.3716,57.27,78,5,14.27,clear sky
346,Ahuimanu,US,21.4447,-157.8378,76.71,76,90,11.5,overcast clouds
347,Zadar,HR,44.1197,15.2422,95.61,24,20,16.11,few clouds
348,Kungurtug,RU,50.5994,97.5228,58.73,80,81,1.68,broken clouds
349,Doxey,MX,20.0833,-99.2333,65.52,63,64,4.85,broken clouds
350,Longyearbyen,SJ,78.2186,15.6401,46.24,61,20,3.44,few clouds
351,Constantine,DZ,36.365,6.6147,95.97,15,0,14.45,clear sky
352,Samana,DO,19.2056,-69.3369,86.22,74,40,6.91,scattered clouds
353,Yulara,AU,-25.2406,130.9889,60.64,25,8,10.36,clear sky
354,Hokitika,NZ,-42.7167,170.9667,45.23,83,100,4.63,overcast clouds
355,Sarangani,PH,5.4033,125.4636,83.73,73,84,11.03,broken clouds
356,Homer,US,59.6425,-151.5483,51.8,87,75,5.75,broken clouds
357,San Andres,CO,12.5847,-81.7006,87.82,70,75,11.5,broken clouds
358,Gravdal,NO,68.1214,13.5031,51.69,82,75,13.8,broken clouds
359,Glendive,US,47.1053,-104.7125,88.95,23,0,1.72,clear sky
360,Lasa,IT,46.6166,10.7002,85.91,64,61,3.42,broken clouds
361,Baie-Comeau,CA,49.2168,-68.1489,72.1,100,90,6.91,light rain
362,Harnosand,SE,62.6323,17.9379,68.0,64,28,12.41,scattered clouds
363,Neuquen,AR,-38.9516,-68.0591,57.09,38,0,8.05,clear sky
364,Beringovskiy,RU,63.05,179.3167,54.39,78,85,9.53,overcast clouds
365,Luganville,VU,-15.5333,167.1667,73.98,85,97,13.18,overcast clouds
366,Sobolevo,RU,54.4299,31.8996,71.55,61,90,5.97,overcast clouds
367,Vrangel,RU,42.7297,133.0839,60.69,82,6,6.8,clear sky
368,Henties Bay,NA,-22.116,14.2845,54.86,69,0,5.46,clear sky
369,Mahibadhoo,MV,3.7833,72.9667,82.44,75,87,18.14,overcast clouds
370,Tres Arroyos,AR,-38.3739,-60.2798,59.58,42,0,12.71,clear sky
371,Curiti,CO,6.6052,-73.0681,70.38,78,98,3.38,overcast clouds
372,Popondetta,PG,-8.7537,148.2534,71.24,96,89,3.42,light rain
373,Katsuura,JP,35.1333,140.3,71.71,92,100,21.43,overcast clouds
374,Akyab,MM,20.15,92.9,82.35,84,99,9.15,overcast clouds
375,Demba,CD,-5.51,22.2667,85.5,38,89,4.12,overcast clouds
376,Xining,CN,36.6167,101.7667,58.93,63,23,4.99,few clouds
377,Gigmoto,PH,13.7796,124.39,79.11,86,98,4.56,overcast clouds
378,Meulaboh,ID,4.1363,96.1285,74.07,94,100,3.58,overcast clouds
379,Saint-Pierre,RE,-21.3393,55.4781,73.04,82,75,21.85,light rain
380,Seddon,AU,-37.8068,144.8916,52.99,82,20,7.0,few clouds
381,Imeni Zhelyabova,RU,58.9544,36.5956,66.33,71,99,7.18,overcast clouds
382,Kazanskoye,RU,55.6448,69.235,65.16,52,42,6.53,scattered clouds
383,Charters Towers,AU,-20.1,146.2667,65.23,73,100,9.71,overcast clouds
384,Mahebourg,MU,-20.4081,57.7,72.25,75,24,15.52,few clouds
385,Bulungu,CD,-4.55,18.6,93.31,31,72,3.47,broken clouds
386,Cacule,BR,-14.5033,-42.2222,83.37,24,0,9.28,clear sky
387,Barentu,ER,15.1139,37.5928,67.62,82,69,14.07,broken clouds
388,Arinos,BR,-15.9169,-46.1056,88.36,22,7,5.1,clear sky
389,Almaznyy,RU,48.0448,40.045,73.54,74,91,14.43,overcast clouds
390,Cayenne,GF,4.9333,-52.3333,86.04,79,75,5.01,broken clouds
391,Sorong,ID,-0.8833,131.25,77.94,86,22,6.42,few clouds
392,Vao,NC,-22.6667,167.4833,66.31,62,18,15.55,few clouds
393,Grand Gaube,MU,-20.0064,57.6608,72.37,74,2,1.99,light rain
394,Teguise,ES,29.0605,-13.564,77.22,69,0,11.5,clear sky
395,Marawi,PH,7.9986,124.2928,65.64,93,97,2.46,overcast clouds
396,Vaxjo,SE,56.8777,14.8091,57.79,94,75,9.22,broken clouds
397,Tsabong,BW,-26.0217,22.401,60.39,57,95,9.19,overcast clouds
398,Bathsheba,BB,13.2167,-59.5167,83.01,83,75,3.44,broken clouds
399,Enid,US,36.3956,-97.8784,81.3,71,40,3.0,scattered clouds
400,Minot,US,48.2325,-101.2963,85.19,27,1,4.0,clear sky
401,Kimbe,PG,-5.5502,150.1429,74.59,92,55,4.45,broken clouds
402,Mulege,MX,26.8833,-111.9833,88.09,57,32,3.02,scattered clouds
403,Katherine,AU,-14.4667,132.2667,68.32,60,6,5.75,clear sky
404,Nipawin,CA,53.3668,-104.0009,82.74,26,19,11.83,few clouds
405,Egvekinot,RU,66.3167,-179.1667,42.31,98,99,0.47,overcast clouds
406,Ahipara,NZ,-35.1667,173.1667,54.0,78,36,11.14,scattered clouds
407,Encruzilhada,BR,-15.5314,-40.9094,79.86,31,1,9.13,clear sky
408,Mackenzie,CA,55.2999,-123.1698,70.21,47,100,11.86,overcast clouds
409,Giyani,ZA,-23.3025,30.7187,60.76,59,100,6.38,overcast clouds
410,Alice Springs,AU,-23.7,133.8833,51.35,40,0,0.0,clear sky
411,Baykit,RU,61.67,96.37,57.02,96,100,3.83,overcast clouds
412,Garowe,SO,8.4054,48.4845,88.05,37,75,15.86,broken clouds
413,Sinnamary,GF,5.3833,-52.95,83.82,73,47,10.47,scattered clouds
414,Hurricane,US,37.1753,-113.2899,89.87,29,31,2.53,scattered clouds
415,Diego De Almagro,CL,-26.3667,-70.05,73.42,10,11,6.13,few clouds
416,Saravan,AM,39.7196,45.6483,77.65,66,67,4.7,broken clouds
417,Yanam,IN,16.7333,82.2167,82.8,80,100,4.68,light rain
418,Balkhash,KZ,46.844,74.9804,60.71,66,64,18.34,broken clouds
419,Batagay,RU,67.6333,134.6333,42.06,92,92,2.37,overcast clouds
420,Sabaneta,CO,6.15,-75.6,66.16,88,75,13.8,light intensity drizzle
421,Nyurba,RU,63.2842,118.3319,58.23,97,100,7.45,light rain
422,Stawell,AU,-37.05,142.7667,43.88,87,73,5.84,broken clouds
423,Fairbanks,US,64.8378,-147.7164,50.0,89,90,3.44,overcast clouds
424,Teya,RU,60.3778,92.6267,54.99,94,100,2.62,overcast clouds
425,Leshukonskoye,RU,64.8989,45.7622,58.08,85,100,10.0,overcast clouds
426,Verkhoyansk,RU,67.5447,133.385,43.47,86,100,4.03,overcast clouds
427,Emerald,AU,-23.5333,148.1667,56.91,92,16,7.83,few clouds
428,San Quintin,MX,30.4833,-115.95,75.13,69,0,11.97,clear sky
429,Namibe,AO,-15.1961,12.1522,67.68,81,72,9.95,broken clouds
430,Hobyo,SO,5.3505,48.5268,77.79,81,52,28.66,broken clouds
431,San Jeronimo,PE,-11.9472,-75.2829,59.94,43,14,2.17,few clouds
432,High Rock,BS,26.6208,-78.2833,87.82,72,84,18.14,broken clouds
433,Caraballeda,VE,10.6112,-66.8522,86.07,83,75,2.3,drizzle
434,Iranshahr,IR,27.2025,60.6848,102.06,8,75,10.76,broken clouds
435,Colesberg,ZA,-30.72,25.0972,42.67,87,100,12.37,overcast clouds
436,Praya,CV,14.9215,-23.5087,84.74,58,40,11.5,scattered clouds
437,Bubaque,GW,11.2833,-15.8333,78.24,85,100,14.14,overcast clouds
438,Pangnirtung,CA,66.1451,-65.7125,47.3,99,100,11.16,moderate rain
439,Nemuro,JP,43.3236,145.575,56.46,82,100,12.21,overcast clouds
440,Svetlyy,RU,54.675,20.1347,68.05,62,80,8.03,broken clouds
441,Fortuna,US,40.5982,-124.1573,56.32,100,90,0.0,overcast clouds
442,Chicama,PE,-7.8447,-79.1469,72.37,61,50,8.14,scattered clouds
443,Baikunthpur,IN,23.25,82.55,78.24,77,100,5.35,overcast clouds
444,Berbera,SO,10.4396,45.0143,95.27,40,84,16.28,broken clouds
445,Flin Flon,CA,54.7682,-101.865,77.97,41,81,9.1,broken clouds
446,Ithaca,US,42.4406,-76.4966,74.55,73,40,4.0,scattered clouds
447,Taltal,CL,-25.4,-70.4833,63.18,58,6,6.46,clear sky
448,Vila Franca Do Campo,PT,37.7167,-25.4333,75.61,71,9,14.79,clear sky
449,Jadu,LY,31.953,12.0261,92.07,19,0,18.75,clear sky
450,Bada,RU,51.392,109.8717,58.89,76,31,2.64,scattered clouds
451,Belmonte,BR,-15.8631,-38.8828,77.5,58,22,8.88,few clouds
452,Santiago De Cao,PE,-7.9589,-79.2392,66.2,77,45,8.99,scattered clouds
453,Redcliffe,AU,-27.2307,153.0973,62.42,69,20,3.44,fog
454,Port Blair,IN,11.6667,92.75,81.88,83,100,12.64,overcast clouds
455,Bairiki,KI,1.3292,172.9752,82.4,78,20,9.22,few clouds
456,Santa Marta,CO,11.2408,-74.199,83.93,67,25,4.45,scattered clouds
457,Obihiro,JP,42.9172,143.2044,52.43,90,100,2.66,overcast clouds
458,Richards Bay,ZA,-28.783,32.0377,58.59,78,100,2.08,overcast clouds
459,Leh,IN,34.1667,77.5833,61.47,40,66,7.52,broken clouds
460,Barcelos,PT,41.5388,-8.6151,95.29,48,88,8.39,overcast clouds
461,Cidreira,BR,-30.1811,-50.2056,62.2,83,44,16.78,moderate rain
462,Vung Tau,VN,10.346,107.0843,81.27,82,100,9.91,light rain
463,Severo-Yeniseyskiy,RU,60.3725,93.0408,51.96,96,100,2.62,overcast clouds
464,Santiago,CL,-33.4569,-70.6483,60.24,33,78,0.0,haze
465,Andros,GR,37.8333,24.9333,81.81,57,0,20.0,clear sky
466,Tezu,IN,27.9167,96.1667,75.42,99,100,2.42,overcast clouds
467,Kirovohrad,UA,48.5132,32.2597,78.89,35,0,8.28,clear sky
468,Ken Caryl,US,39.5773,-105.1169,86.11,45,0,1.01,clear sky
469,Aksu,CN,41.1231,80.2644,73.71,40,51,5.57,broken clouds
470,Sechura,PE,-5.5569,-80.8222,74.37,60,58,6.4,broken clouds
471,Kukushtan,RU,57.6464,56.4952,67.62,71,100,4.9,overcast clouds
472,Kovernino,RU,57.1253,43.8142,68.54,57,32,4.97,scattered clouds
473,Chumikan,RU,54.7183,135.315,62.24,84,7,7.43,clear sky
474,Sept-Iles,CA,50.2001,-66.3821,64.92,97,90,1.01,fog
475,Taksimo,RU,56.3444,114.8794,61.77,67,47,0.65,scattered clouds
476,Nome,US,64.5011,-165.4064,48.27,87,90,14.97,light rain
477,Sehithwa,BW,-20.4667,22.7167,77.72,21,74,7.05,broken clouds
478,Shingu,JP,33.7333,135.9833,81.91,90,100,15.79,overcast clouds
479,Calvinia,ZA,-31.4707,19.776,52.38,56,8,14.14,clear sky
480,Miri,MY,4.4148,114.0089,78.55,86,100,3.09,moderate rain
481,Mount Gambier,AU,-37.8333,140.7667,48.27,90,8,8.59,clear sky
482,Pozo Colorado,PY,-23.4923,-58.7972,77.4,23,0,4.29,clear sky
483,Tura,IN,25.5198,90.2201,74.03,96,99,4.9,overcast clouds
484,Beyneu,KZ,45.3167,55.2,83.97,17,0,13.2,clear sky
485,Sao Filipe,CV,14.8961,-24.4956,74.98,79,86,1.1,overcast clouds
486,Galveston,US,29.3669,-94.9669,92.17,78,75,9.22,broken clouds
487,Viransehir,TR,37.2353,39.7631,92.52,22,31,6.82,scattered clouds
488,Mnogovershinnyy,RU,53.9353,139.9242,59.45,74,18,4.59,few clouds
489,Roma,US,43.2128,-75.4557,77.9,73,75,8.05,broken clouds
490,Praxedis Guerrero,MX,31.3667,-106.0167,69.57,77,100,6.38,light rain
491,Chaman,PK,30.9236,66.4512,85.6,9,0,7.0,clear sky
492,Choya,RU,52.0108,86.5467,55.29,95,100,2.24,overcast clouds
493,Zeya,RU,53.75,127.2667,58.5,74,1,2.33,clear sky
494,Oni,GE,42.5794,43.4425,66.7,98,90,0.36,overcast clouds
495,Ryotsu,JP,38.0833,138.4333,70.48,91,100,5.5,overcast clouds
496,Ati,TD,13.2154,18.3353,90.99,47,69,1.32,broken clouds
497,Dabakala,CI,8.3667,-4.4333,80.69,76,95,4.94,light rain
498,Phillipsburg,US,40.6937,-75.1902,89.22,68,50,1.01,scattered clouds
499,Venezuela,VE,8.0,-66.0,83.25,72,96,16.98,overcast clouds
500,Uyemskiy,RU,64.4743,40.8524,64.45,72,0,2.24,clear sky
501,Northam,GB,51.0333,-4.2167,74.71,74,72,11.43,broken clouds
502,Quang Ngai,VN,15.1167,108.8,79.86,79,100,3.69,overcast clouds
503,Port Hedland,AU,-20.3167,118.5667,68.05,45,75,6.91,broken clouds
504,Nicolas Bravo,MX,18.45,-88.9167,85.08,50,12,1.86,few clouds
505,Tuy Hoa,VN,13.0833,109.3,79.68,78,100,5.44,overcast clouds
506,Coolum Beach,AU,-26.5333,153.1,59.34,86,13,1.66,few clouds
507,Senneterre,CA,48.3835,-77.2328,61.02,75,100,9.73,overcast clouds
508,Presidencia Roque Saenz Pena,AR,-26.7852,-60.4388,70.43,30,70,5.21,broken clouds
509,Koslan,RU,63.4564,48.8989,60.06,83,58,10.96,broken clouds
510,Nabire,ID,-3.3667,135.4833,74.84,92,65,3.96,broken clouds
511,Upata,VE,8.0086,-62.3989,79.84,83,92,4.38,overcast clouds
512,Vostok,RU,46.4856,135.8833,56.7,80,87,2.89,overcast clouds
513,Sola,VU,-13.8833,167.55,77.23,80,85,27.2,overcast clouds
514,Kahului,US,20.8947,-156.47,74.46,89,20,12.66,few clouds
515,Yaan,NG,7.3833,8.5667,83.23,72,84,4.09,light rain
516,Avera,US,33.194,-82.5271,91.71,53,84,3.78,broken clouds
517,Piove Di Sacco,IT,45.2977,12.0368,98.11,53,0,10.63,clear sky
518,Emba,KZ,48.8264,58.1442,77.31,20,1,7.76,clear sky
519,Del Rio,US,29.3627,-100.8968,89.71,55,1,6.91,clear sky
520,Balaipungut,ID,1.05,101.2833,75.04,96,98,3.02,overcast clouds
521,Liwale,TZ,-9.7667,37.9333,76.8,43,77,4.83,broken clouds
522,Korla,CN,41.7597,86.1469,83.97,25,98,7.78,overcast clouds
523,Puerto Del Rosario,ES,28.5004,-13.8627,78.55,73,20,13.8,few clouds
524,Saltillo,MX,25.4167,-101.0,73.17,52,1,5.44,clear sky
525,Deputatskiy,RU,69.3,139.9,37.92,82,88,5.03,overcast clouds
526,Onda,ES,39.9667,-0.25,91.85,74,69,5.55,light rain
527,Neftcala,AZ,39.3742,49.2472,82.94,67,5,10.76,clear sky
528,Normandin,CA,48.8333,-72.5321,77.13,47,10,9.22,clear sky
529,Along,IN,28.1667,94.7667,74.89,100,100,0.74,overcast clouds
530,Mirnyy,RU,62.5353,113.9611,60.08,93,44,2.53,scattered clouds
531,Dosso,NE,13.049,3.1937,87.15,56,86,1.54,overcast clouds
532,Morehead,US,37.2711,-87.1764,83.98,70,40,0.0,scattered clouds
533,Altoona,US,40.5187,-78.3947,78.35,81,96,1.01,overcast clouds
534,Lakki Marwat,PK,32.6079,70.9114,101.08,29,0,8.1,clear sky
535,Ardakan,IR,32.31,54.0175,100.78,10,0,16.13,clear sky
536,Mendoza,AR,-32.8908,-68.8272,62.13,23,0,8.05,clear sky
537,Myaundzha,RU,63.0494,147.1858,55.99,60,60,3.87,broken clouds
538,Asadabad,IR,34.7824,48.1185,81.36,10,0,3.42,clear sky
539,Kupino,RU,54.3663,77.2981,57.09,73,55,6.82,broken clouds
540,Wairoa,NZ,-39.0333,177.3667,42.55,84,66,1.99,broken clouds
541,Santa Ines,BR,-3.6667,-45.38,89.78,50,30,1.19,scattered clouds
542,Kuyanovo,RU,55.8014,54.5372,71.51,58,93,12.41,overcast clouds
543,Birnin Kebbi,NG,12.4539,4.1975,85.12,63,97,5.26,light rain
544,Epernay,FR,49.05,3.95,87.15,46,0,4.23,clear sky
545,Birao,CF,10.2849,22.7882,77.22,89,100,3.47,light rain
546,Arica,CL,-18.475,-70.3042,63.95,72,90,8.05,overcast clouds
547,Orsha,BY,54.5153,30.4053,75.42,62,100,6.96,overcast clouds
548,Mbaiki,CF,3.8678,17.9892,82.51,67,42,1.86,scattered clouds
549,Corner Brook,CA,48.9667,-57.9484,82.56,55,24,4.12,few clouds
550,Conde,BR,-7.2597,-34.9075,83.66,58,40,11.5,scattered clouds
551,Bachaquero,VE,9.9694,-71.1494,84.52,73,100,8.9,overcast clouds
552,Valleyview,CA,55.0667,-117.2859,77.04,36,78,12.66,broken clouds
553,Maues,BR,-3.3836,-57.7186,86.9,58,97,3.15,overcast clouds
554,Oranjemund,NA,-28.55,16.4333,59.63,54,0,16.15,clear sky
555,Yeppoon,AU,-23.1333,150.7333,60.58,78,0,12.68,clear sky
556,Kibondo,TZ,-3.5864,30.7203,74.89,33,48,3.11,scattered clouds
557,Hualmay,PE,-11.0964,-77.6139,66.07,71,40,8.01,scattered clouds
558,Jackson,US,42.4165,-122.8345,78.04,59,90,0.0,smoke
